{
  "best_metric": 0.8301072716712952,
  "best_model_checkpoint": "./results/checkpoint-1332",
  "epoch": 2.0,
  "eval_steps": 500,
  "global_step": 1332,
  "is_hyper_param_search": false,
  "is_local_process_zero": true,
  "is_world_process_zero": true,
  "log_history": [
    {
      "epoch": 0.7507507507507507,
      "grad_norm": 2.8735406398773193,
      "learning_rate": 1.8123123123123126e-05,
      "loss": 1.667,
      "step": 500
    },
    {
      "epoch": 1.0,
      "eval_accuracy": 0.6354205261207855,
      "eval_f1": 0.6403703820929207,
      "eval_loss": 1.1059085130691528,
      "eval_precision": 0.659949066652148,
      "eval_recall": 0.6354205261207855,
      "eval_runtime": 8.894,
      "eval_samples_per_second": 606.929,
      "eval_steps_per_second": 9.557,
      "step": 666
    },
    {
      "epoch": 1.5015015015015014,
      "grad_norm": 2.906874656677246,
      "learning_rate": 1.6246246246246247e-05,
      "loss": 1.1024,
      "step": 1000
    },
    {
      "epoch": 2.0,
      "eval_accuracy": 0.7173027047054464,
      "eval_f1": 0.7279802693098752,
      "eval_loss": 0.8301072716712952,
      "eval_precision": 0.7700070428427452,
      "eval_recall": 0.7173027047054464,
      "eval_runtime": 8.8639,
      "eval_samples_per_second": 608.99,
      "eval_steps_per_second": 9.59,
      "step": 1332
    }
  ],
  "logging_steps": 500,
  "max_steps": 5328,
  "num_input_tokens_seen": 0,
  "num_train_epochs": 8,
  "save_steps": 500,
  "stateful_callbacks": {
    "TrainerControl": {
      "args": {
        "should_epoch_stop": false,
        "should_evaluate": false,
        "should_log": false,
        "should_save": true,
        "should_training_stop": false
      },
      "attributes": {}
    }
  },
  "total_flos": 5644290284402688.0,
  "train_batch_size": 64,
  "trial_name": null,
  "trial_params": null
}
