{
  "best_metric": 1.1155680418014526,
  "best_model_checkpoint": "./results/checkpoint-1332",
  "epoch": 2.0,
  "eval_steps": 500,
  "global_step": 1332,
  "is_hyper_param_search": false,
  "is_local_process_zero": true,
  "is_world_process_zero": true,
  "log_history": [
    {
      "epoch": 0.7507507507507507,
      "grad_norm": 1.5437400341033936,
      "learning_rate": 1.8123123123123126e-05,
      "loss": 1.7338,
      "step": 500
    },
    {
      "epoch": 1.0,
      "eval_accuracy": 0.5716932197110041,
      "eval_f1": 0.5601432223754025,
      "eval_loss": 1.3832327127456665,
      "eval_precision": 0.5628221504506863,
      "eval_recall": 0.5716932197110041,
      "eval_runtime": 35.981,
      "eval_samples_per_second": 150.024,
      "eval_steps_per_second": 2.362,
      "step": 666
    },
    {
      "epoch": 1.5015015015015014,
      "grad_norm": 1.9526134729385376,
      "learning_rate": 1.6246246246246247e-05,
      "loss": 1.4373,
      "step": 1000
    },
    {
      "epoch": 2.0,
      "eval_accuracy": 0.7100778065950352,
      "eval_f1": 0.7016329898468966,
      "eval_loss": 1.1155680418014526,
      "eval_precision": 0.7122152392258404,
      "eval_recall": 0.7100778065950352,
      "eval_runtime": 35.8488,
      "eval_samples_per_second": 150.577,
      "eval_steps_per_second": 2.371,
      "step": 1332
    }
  ],
  "logging_steps": 500,
  "max_steps": 5328,
  "num_input_tokens_seen": 0,
  "num_train_epochs": 8,
  "save_steps": 500,
  "stateful_callbacks": {
    "TrainerControl": {
      "args": {
        "should_epoch_stop": false,
        "should_evaluate": false,
        "should_log": false,
        "should_save": true,
        "should_training_stop": false
      },
      "attributes": {}
    }
  },
  "total_flos": 5643988324162560.0,
  "train_batch_size": 64,
  "trial_name": null,
  "trial_params": null
}
