{
  "best_metric": 0.6721508502960205,
  "best_model_checkpoint": "./results/checkpoint-666",
  "epoch": 1.0,
  "eval_steps": 500,
  "global_step": 666,
  "is_hyper_param_search": false,
  "is_local_process_zero": true,
  "is_world_process_zero": true,
  "log_history": [
    {
      "epoch": 0.7507507507507507,
      "grad_norm": 7.390357971191406,
      "learning_rate": 1.8123123123123126e-05,
      "loss": 1.3365,
      "step": 500
    },
    {
      "epoch": 1.0,
      "eval_accuracy": 0.7678769914783253,
      "eval_f1": 0.7684445849315878,
      "eval_loss": 0.6721508502960205,
      "eval_precision": 0.7876356260925104,
      "eval_recall": 0.7678769914783253,
      "eval_runtime": 12.2683,
      "eval_samples_per_second": 439.996,
      "eval_steps_per_second": 6.928,
      "step": 666
    }
  ],
  "logging_steps": 500,
  "max_steps": 5328,
  "num_input_tokens_seen": 0,
  "num_train_epochs": 8,
  "save_steps": 500,
  "total_flos": 2802693837344256.0,
  "train_batch_size": 64,
  "trial_name": null,
  "trial_params": null
}
